{"max_flow_x": 82.05338287353516, "max_flow_y": 100.35174560546875, "max_magnitude": 101.45637512207031}